Gender,Age,Debt,Married,Bank.Customer,Education.Level,Years.Employed,Prior.Default,Employed,Credit.Score,Drivers.License,Citizen,ZipCode,Income,Approved
m,30.83,0,n,g,w,1.25,1,1,1,0,a,202,0,y
f,58.67,4.46,n,g,q,3.04,1,1,6,0,a,43,560,y
f,24.5,0.5,n,g,q,1.5,1,0,0,0,a,280,824,y
m,27.83,1.54,n,g,w,3.75,1,1,5,1,a,100,3,y
m,20.17,5.625,n,g,w,1.71,1,0,0,0,b,120,0,y
m,32.08,4,n,g,m,2.5,1,0,0,1,a,360,0,y
m,33.17,1.04,n,g,r,6.5,1,0,0,1,a,164,31285,y
f,22.92,11.585,n,g,cc,0.04,1,0,0,0,a,80,1349,y
m,54.42,0.5,y,p,k,3.96,1,0,0,0,a,180,314,y
m,42.5,4.915,y,p,w,3.165,1,0,0,1,a,52,1442,y
m,22.08,0.83,n,g,c,2.165,0,0,0,1,a,128,0,y
m,29.92,1.835,n,g,c,4.335,1,0,0,0,a,260,200,y
f,38.25,6,n,g,k,1,1,0,0,1,a,0,0,y
m,48.08,6.04,n,g,k,0.04,0,0,0,0,a,0,2690,y
f,45.83,10.5,n,g,q,5,1,1,7,1,a,0,0,y
m,36.67,4.415,y,p,k,0.25,1,1,10,1,a,320,0,y
m,28.25,0.875,n,g,m,0.96,1,1,3,1,a,396,0,y
f,23.25,5.875,n,g,q,3.17,1,1,10,0,a,120,245,y
m,21.83,0.25,n,g,d,0.665,1,0,0,1,a,0,0,y
f,19.17,8.585,n,g,cc,0.75,1,1,7,0,a,96,0,y
m,25,11.25,n,g,c,2.5,1,1,17,0,a,200,1208,y
m,23.25,1,n,g,c,0.835,1,0,0,0,b,300,0,y
f,47.75,8,n,g,c,7.875,1,1,6,1,a,0,1260,y
f,27.42,14.5,n,g,x,3.085,1,1,1,0,a,120,11,y
f,41.17,6.5,n,g,q,0.5,1,1,3,1,a,145,0,y
f,15.83,0.585,n,g,c,1.5,1,1,2,0,a,100,0,y
f,47,13,n,g,i,5.165,1,1,9,1,a,0,0,y
m,56.58,18.5,n,g,d,15,1,1,17,1,a,0,0,y
m,57.42,8.5,n,g,e,7,1,1,3,0,a,0,0,y
m,42.08,1.04,n,g,w,5,1,1,6,1,a,500,10000,y
m,29.25,14.79,n,g,aa,5.04,1,1,5,1,a,168,0,y
m,42,9.79,n,g,x,7.96,1,1,8,0,a,0,0,y
m,49.5,7.585,n,g,i,7.585,1,1,15,1,a,0,5000,y
f,36.75,5.125,n,g,e,5,1,0,0,1,a,0,4000,y
f,22.58,10.75,n,g,q,0.415,1,1,5,1,a,0,560,y
m,27.83,1.5,n,g,w,2,1,1,11,1,a,434,35,y
m,27.25,1.585,n,g,cc,1.835,1,1,12,1,a,583,713,y
f,23,11.75,n,g,x,0.5,1,1,2,1,a,300,551,y
m,27.75,0.585,y,p,cc,0.25,1,1,2,0,a,260,500,y
m,54.58,9.415,n,g,ff,14.415,1,1,11,1,a,30,300,y
m,34.17,9.17,n,g,c,4.5,1,1,12,1,a,0,221,y
m,28.92,15,n,g,c,5.335,1,1,11,0,a,0,2283,y
m,29.67,1.415,n,g,w,0.75,1,1,1,0,a,240,100,y
m,39.58,13.915,n,g,w,8.625,1,1,6,1,a,70,0,y
m,56.42,28,y,p,c,28.5,1,1,40,0,a,0,15,y
m,54.33,6.75,n,g,c,2.625,1,1,11,1,a,0,284,y
f,41,2.04,y,p,q,0.125,1,1,23,1,a,455,1236,y
m,31.92,4.46,n,g,cc,6.04,1,1,3,0,a,311,300,y
m,41.5,1.54,n,g,i,3.5,0,0,0,0,a,216,0,y
m,23.92,0.665,n,g,c,0.165,0,0,0,0,a,100,0,y
f,25.75,0.5,n,g,c,0.875,1,0,0,1,a,491,0,y
m,26,1,n,g,q,1.75,1,0,0,1,a,280,0,y
m,37.42,2.04,n,g,w,0.04,1,0,0,1,a,400,5800,y
m,34.92,2.5,n,g,w,0,1,0,0,1,a,239,200,y
m,34.25,3,n,g,cc,7.415,1,0,0,1,a,0,0,y
m,23.33,11.625,y,p,w,0.835,1,0,0,1,a,160,300,y
m,23.17,0,n,g,cc,0.085,1,0,0,0,a,0,0,y
m,44.33,0.5,n,g,i,5,1,0,0,1,a,320,0,y
m,35.17,4.5,n,g,x,5.75,0,0,0,1,b,711,0,y
m,43.25,3,n,g,q,6,1,1,11,0,a,80,0,y
m,56.75,12.25,n,g,m,1.25,1,1,4,1,a,200,0,y
m,31.67,16.165,n,g,d,3,1,1,9,0,a,250,730,y
f,23.42,0.79,y,p,q,1.5,1,1,2,1,a,80,400,y
f,20.42,0.835,n,g,q,1.585,1,1,1,0,a,0,0,y
m,26.67,4.25,n,g,cc,4.29,1,1,1,1,a,120,0,y
m,34.17,1.54,n,g,cc,1.54,1,1,1,1,a,520,50000,y
f,36,1,n,g,c,2,1,1,11,0,a,0,456,y
m,25.5,0.375,n,g,m,0.25,1,1,3,0,a,260,15108,y
m,19.42,6.5,n,g,w,1.46,1,1,7,0,a,80,2954,y
m,35.17,25.125,n,g,x,1.625,1,1,1,1,a,515,500,y
m,32.33,7.5,n,g,e,1.585,1,0,0,1,b,420,0,n
m,34.83,4,n,g,d,12.5,1,0,0,1,a,0,0,n
f,38.58,5,n,g,cc,13.5,1,0,0,1,a,980,0,n
m,44.25,0.5,n,g,m,10.75,1,0,0,0,b,400,0,n
m,44.83,7,y,p,c,1.625,0,0,0,0,a,160,2,n
m,20.67,5.29,n,g,q,0.375,1,1,1,0,a,160,0,n
m,34.08,6.5,n,g,aa,0.125,1,0,0,1,a,443,0,n
f,19.17,0.585,y,p,aa,0.585,1,0,0,1,a,160,0,n
m,21.67,1.165,y,p,k,2.5,1,1,1,0,a,180,20,n
m,21.5,9.75,n,g,c,0.25,1,0,0,0,a,140,0,n
m,49.58,19,n,g,ff,0,1,1,1,0,a,94,0,n
f,27.67,1.5,n,g,m,2,1,0,0,0,b,368,0,n
m,39.83,0.5,n,g,m,0.25,1,0,0,0,b,288,0,n
f,31.57,3.5,n,g,d,3,1,0,0,1,a,300,0,n
m,27.25,0.625,n,g,aa,0.455,1,0,0,1,a,200,0,n
m,37.17,4,n,g,c,5,1,0,0,1,b,280,0,n
m,31.57,0.375,n,g,d,0.875,1,0,0,1,b,928,0,n
m,25.67,2.21,y,p,aa,4,1,0,0,0,a,188,0,n
m,34,4.5,n,g,aa,1,1,0,0,1,a,240,0,n
f,49,1.5,n,g,j,0,1,0,0,1,a,100,27,n
m,62.5,12.75,y,p,c,5,1,0,0,0,a,112,0,n
m,31.42,15.5,n,g,c,0.5,1,0,0,0,a,120,0,n
m,31.57,5,y,p,aa,8.5,1,0,0,0,a,0,0,n
m,52.33,1.375,y,p,c,9.46,1,0,0,1,a,200,100,n
m,28.75,1.5,y,p,c,1.5,1,0,0,1,a,0,225,n
f,28.58,3.54,n,g,i,0.5,1,0,0,1,a,171,0,n
m,23,0.625,y,p,aa,0.125,1,0,0,0,a,180,1,n
m,31.57,0.5,n,g,c,0.835,1,0,0,1,b,320,0,n
f,22.5,11,y,p,q,3,1,0,0,1,a,268,0,n
f,28.5,1,n,g,q,1,1,1,2,1,a,167,500,n
m,37.5,1.75,y,p,c,0.25,1,0,0,1,a,164,400,n
m,35.25,16.5,y,p,c,4,1,0,0,0,a,80,0,n
m,18.67,5,n,g,q,0.375,1,1,2,0,a,0,38,n
m,25,12,n,g,k,2.25,1,1,2,1,a,120,5,n
m,27.83,4,y,p,i,5.75,1,1,2,1,a,75,0,n
m,54.83,15.5,n,g,e,0,1,1,20,0,a,152,130,n
m,28.75,1.165,n,g,k,0.5,1,0,0,0,b,280,0,n
f,25,11,y,p,aa,4.5,1,0,0,0,a,120,0,n
m,40.92,2.25,y,p,x,10,1,0,0,1,a,176,0,n
f,19.75,0.75,n,g,c,0.795,1,1,5,1,a,140,5,n
m,29.17,3.5,n,g,w,3.5,1,1,3,1,a,329,0,n
f,24.5,1.04,y,p,ff,0.5,1,1,3,0,a,180,147,n
m,24.58,12.5,n,g,w,0.875,1,0,0,1,a,260,0,n
f,33.75,0.75,n,g,k,1,1,1,3,1,a,212,0,n
m,20.67,1.25,y,p,c,1.375,1,1,3,1,a,140,210,n
f,25.42,1.125,n,g,q,1.29,1,1,2,0,a,200,0,n
m,37.75,7,n,g,q,11.5,1,1,7,1,a,300,5,n
m,52.5,6.5,n,g,k,6.29,1,1,15,0,a,0,11202,y
m,57.83,7.04,n,g,m,14,1,1,6,1,a,360,1332,y
f,20.75,10.335,n,g,cc,0.335,1,1,1,1,a,80,50,y
m,39.92,6.21,n,g,q,0.04,1,1,1,0,a,200,300,y
m,25.67,12.5,n,g,cc,1.21,1,1,67,1,a,140,258,y
f,24.75,12.5,n,g,aa,1.5,1,1,12,1,a,120,567,y
f,44.17,6.665,n,g,q,7.375,1,1,3,1,a,0,0,y
f,23.5,9,n,g,q,8.5,1,1,5,1,a,120,0,y
m,34.92,5,n,g,x,7.5,1,1,6,1,a,0,1000,y
m,47.67,2.5,n,g,m,2.5,1,1,12,1,a,410,2510,y
m,22.75,11,n,g,q,2.5,1,1,7,1,a,100,809,y
m,34.42,4.25,n,g,i,3.25,1,1,2,0,a,274,610,y
f,28.42,3.5,n,g,w,0.835,1,0,0,0,b,280,0,y
m,67.75,5.5,n,g,e,13,1,1,1,1,a,0,0,y
m,20.42,1.835,n,g,c,2.25,1,1,1,0,a,100,150,y
f,47.42,8,n,g,e,6.5,1,1,6,0,a,375,51100,y
m,36.25,5,n,g,c,2.5,1,1,6,0,a,0,367,y
m,32.67,5.5,n,g,q,5.5,1,1,12,1,a,408,1000,y
m,48.58,6.5,n,g,q,6,1,0,0,1,a,350,0,y
m,39.92,0.54,y,p,aa,0.5,1,1,3,0,a,200,1000,y
m,33.58,2.75,n,g,m,4.25,1,1,6,0,a,204,0,y
f,18.83,9.5,n,g,w,1.625,1,1,6,1,a,40,600,y
f,26.92,13.5,n,g,q,5,1,1,2,0,a,0,5000,y
f,31.25,3.75,n,g,cc,0.625,1,1,9,1,a,181,0,y
f,56.5,16,n,g,j,0,1,1,15,0,a,0,247,y
m,43,0.29,y,p,cc,1.75,1,1,8,0,a,100,375,y
m,22.33,11,n,g,w,2,1,1,1,0,a,80,278,y
m,27.25,1.665,n,g,cc,5.085,1,1,9,0,a,399,827,y
m,32.83,2.5,n,g,cc,2.75,1,1,6,0,a,160,2072,y
m,23.25,1.5,n,g,q,2.375,1,1,3,1,a,0,582,y
f,40.33,7.54,y,p,q,8,1,1,14,0,a,0,2300,y
f,30.5,6.5,n,g,c,4,1,1,7,1,a,0,3065,y
f,52.83,15,n,g,c,5.5,1,1,14,0,a,0,2200,y
f,46.67,0.46,n,g,cc,0.415,1,1,11,1,a,440,6,y
f,58.33,10,n,g,q,4,1,1,14,0,a,0,1602,y
m,37.33,6.5,n,g,m,4.25,1,1,12,1,a,93,0,y
m,23.08,2.5,n,g,c,1.085,1,1,11,1,a,60,2184,y
m,32.75,1.5,n,g,cc,5.5,1,1,3,1,a,0,0,y
f,21.67,11.5,y,p,j,0,1,1,11,1,a,0,0,y
f,28.5,3.04,y,p,x,2.54,1,1,1,0,a,70,0,y
f,68.67,15,n,g,e,0,1,1,14,0,a,0,3376,y
m,28,2,n,g,k,4.165,1,1,2,1,a,181,0,y
m,34.08,0.08,y,p,m,0.04,1,1,1,1,a,280,2000,y
m,27.67,2,n,g,x,1,1,1,4,0,a,140,7544,y
m,44,2,n,g,m,1.75,1,1,2,1,a,0,15,y
m,25.08,1.71,n,g,x,1.665,1,1,1,1,a,395,20,y
m,32,1.75,y,p,e,0.04,1,0,0,1,a,393,0,y
f,60.58,16.5,n,g,q,11,1,0,0,1,a,21,10561,y
f,40.83,10,n,g,q,1.75,1,0,0,0,a,29,837,y
m,19.33,9.5,n,g,q,1,1,0,0,1,a,60,400,y
f,32.33,0.54,n,g,cc,0.04,1,0,0,0,a,440,11177,y
m,36.67,3.25,n,g,q,9,1,0,0,1,a,102,639,y
m,37.5,1.125,y,p,d,1.5,0,0,0,1,a,431,0,y
f,25.08,2.54,y,p,aa,0.25,1,0,0,1,a,370,0,y
m,41.33,0,n,g,c,15,1,0,0,0,a,0,0,y
m,56,12.5,n,g,k,8,1,0,0,1,a,24,2028,y
f,49.83,13.585,n,g,k,8.5,1,0,0,1,a,0,0,y
m,22.67,10.5,n,g,q,1.335,1,0,0,0,a,100,0,y
m,27,1.5,y,p,w,0.375,1,0,0,1,a,260,1065,y
m,25,12.5,n,g,aa,3,1,0,0,1,b,20,0,y
f,26.08,8.665,n,g,aa,1.415,1,0,0,0,a,160,150,y
f,18.42,9.25,n,g,q,1.21,1,1,4,0,a,60,540,y
m,20.17,8.17,n,g,aa,1.96,1,1,14,0,a,60,158,y
m,47.67,0.29,n,g,c,15,1,1,20,0,a,0,15000,y
f,21.25,2.335,n,g,i,0.5,1,1,4,0,b,80,0,y
f,20.67,3,n,g,q,0.165,1,1,3,0,a,100,6,y
f,57.08,19.5,n,g,c,5.5,1,1,7,0,a,0,3000,y
f,22.42,5.665,n,g,q,2.585,1,1,7,0,a,129,3257,y
m,48.75,8.5,n,g,c,12.5,1,1,9,0,a,181,1655,y
m,40,6.5,n,g,aa,3.5,1,1,1,0,a,0,500,y
m,40.58,5,n,g,c,5,1,1,7,0,a,0,3065,y
f,28.67,1.04,n,g,c,2.5,1,1,5,1,a,300,1430,y
f,33.08,4.625,n,g,q,1.625,1,1,2,0,a,0,0,y
m,21.33,10.5,n,g,c,3,1,0,0,1,a,0,0,y
m,42,0.205,n,g,i,5.125,1,0,0,0,a,400,0,y
m,41.75,0.96,n,g,x,2.5,1,0,0,0,a,510,600,y
m,22.67,1.585,y,p,w,3.085,1,1,6,0,a,80,0,y
m,34.5,4.04,y,p,i,8.5,1,1,7,1,a,195,0,y
m,28.25,5.04,y,p,c,1.5,1,1,8,1,a,144,7,y
m,33.17,3.165,y,p,x,3.165,1,1,3,1,a,380,0,y
m,48.17,7.625,n,g,w,15.5,1,1,12,0,a,0,790,y
m,27.58,2.04,y,p,aa,2,1,1,3,1,a,370,560,y
m,22.58,10.04,n,g,x,0.04,1,1,9,0,a,60,396,y
f,24.08,0.5,n,g,q,1.25,1,1,1,0,a,0,678,y
f,41.33,1,n,g,i,2.25,1,0,0,1,a,0,300,y
m,24.83,2.75,n,g,c,2.25,1,1,6,0,a,0,600,y
f,20.75,10.25,n,g,q,0.71,1,1,2,1,a,49,0,y
m,36.33,2.125,y,p,w,0.085,1,1,1,0,a,50,1187,y
f,35.42,12,n,g,q,14,1,1,8,0,a,0,6590,y
f,71.58,0,n,g,c,0,0,0,0,0,c,0,0,y
m,28.67,9.335,n,g,q,5.665,1,1,6,0,a,381,168,y
m,35.17,2.5,n,g,k,4.5,1,1,7,0,a,150,1270,y
m,39.5,4.25,n,g,c,6.5,1,1,16,0,a,117,1210,y
m,39.33,5.875,n,g,cc,10,1,1,14,1,a,399,0,y
m,24.33,6.625,y,p,d,5.5,1,0,0,1,b,100,0,y
m,60.08,14.5,n,g,ff,18,1,1,15,1,a,0,1000,y
m,23.08,11.5,n,g,i,3.5,1,1,9,0,a,56,742,y
m,26.67,2.71,y,p,cc,5.25,1,1,1,0,a,211,0,y
m,48.17,3.5,n,g,aa,3.5,1,0,0,0,b,230,0,y
m,41.17,4.04,n,g,cc,7,1,1,8,0,a,320,0,y
m,55.92,11.5,n,g,ff,5,1,1,5,0,a,0,8851,y
m,53.92,9.625,n,g,e,8.665,1,1,5,0,a,0,0,y
f,18.92,9.25,y,p,c,1,1,1,4,1,a,80,500,y
f,50.08,12.54,n,g,aa,2.29,1,1,3,1,a,156,0,y
m,65.42,11,n,g,e,20,1,1,7,1,a,22,0,y
f,17.58,9,n,g,aa,1.375,1,0,0,1,a,0,0,y
f,18.83,9.54,n,g,aa,0.085,1,0,0,0,a,100,0,y
f,37.75,5.5,n,g,q,0.125,1,0,0,1,a,228,0,y
m,23.25,4,n,g,c,0.25,1,0,0,1,a,160,0,y
m,18.08,5.5,n,g,k,0.5,1,0,0,0,a,80,0,y
f,22.5,8.46,y,p,x,2.46,0,0,0,0,a,164,0,y
m,19.67,0.375,n,g,q,2,1,1,2,1,a,80,0,y
m,22.08,11,n,g,cc,0.665,1,0,0,0,a,100,0,y
m,25.17,3.5,n,g,cc,0.625,1,1,7,0,a,0,7059,y
f,47.42,3,n,g,x,13.875,1,1,2,1,a,519,1704,y
m,33.5,1.75,n,g,x,4.5,1,1,4,1,a,253,857,y
m,27.67,13.75,n,g,w,5.75,1,0,0,1,a,487,500,y
f,58.42,21,n,g,i,10,1,1,13,0,a,0,6700,y
f,20.67,1.835,n,g,q,2.085,1,1,5,0,a,220,2503,y
m,26.17,0.25,n,g,i,0,1,0,0,1,a,0,0,y
m,21.33,7.5,n,g,aa,1.415,1,1,1,0,a,80,9800,y
m,42.83,4.625,n,g,q,4.58,1,0,0,0,b,0,0,y
m,38.17,10.125,n,g,x,2.5,1,1,6,0,a,520,196,y
m,20.5,10,y,p,c,2.5,1,0,0,0,b,40,0,y
m,48.25,25.085,n,g,w,1.75,1,1,3,0,a,120,14,y
m,28.33,5,n,g,w,11,1,0,0,1,a,70,0,y
f,18.75,7.5,n,g,q,2.71,1,1,5,0,a,0,26726,y
m,18.5,2,n,g,i,1.5,1,1,2,0,a,120,300,y
m,33.17,3.04,y,p,c,2.04,1,1,1,1,a,180,18027,y
m,45,8.5,n,g,cc,14,1,1,1,1,a,88,2000,y
f,19.67,0.21,n,g,q,0.29,1,1,11,0,a,80,99,y
f,24.5,12.75,n,g,c,4.75,1,1,2,0,a,73,444,y
m,21.83,11,n,g,x,0.29,1,1,6,0,a,121,0,y
m,40.25,21.5,n,g,e,20,1,1,11,0,a,0,1200,y
m,41.42,5,n,g,q,5,1,1,6,1,a,470,0,y
f,17.83,11,n,g,x,1,1,1,11,0,a,0,3000,y
m,23.17,11.125,n,g,x,0.46,1,1,1,0,a,100,0,y
m,31.57,0.625,n,g,k,0.25,0,0,0,0,a,380,2010,n
m,18.17,10.25,n,g,c,1.085,0,0,0,0,a,320,13,n
m,20,11.045,n,g,c,2,0,0,0,1,a,136,0,n
m,20,0,n,g,d,0.5,0,0,0,0,a,144,0,n
f,20.75,9.54,n,g,i,0.04,0,0,0,0,a,200,1000,n
f,24.5,1.75,y,p,c,0.165,0,0,0,0,a,132,0,n
m,32.75,2.335,n,g,d,5.75,0,0,0,1,a,292,0,n
f,52.17,0,y,p,ff,0,0,0,0,0,a,0,0,n
f,48.17,1.335,n,g,i,0.335,0,0,0,0,a,0,120,n
f,20.42,10.5,y,p,x,0,0,0,0,1,a,154,32,n
m,50.75,0.585,n,g,ff,0,0,0,0,0,a,145,0,n
m,17.08,0.085,y,p,c,0.04,0,0,0,0,a,140,722,n
m,18.33,1.21,y,p,e,0,0,0,0,0,a,100,0,n
f,32,6,n,g,d,1.25,0,0,0,0,a,272,0,n
m,59.67,1.54,n,g,q,0.125,1,0,0,1,a,260,0,y
m,18,0.165,n,g,q,0.21,0,0,0,0,a,200,40,y
m,37.58,0,n,g,c,0,0,0,0,0,c,0,0,y
m,32.33,2.5,n,g,c,1.25,0,0,0,1,a,280,0,n
m,18.08,6.75,y,p,m,0.04,0,0,0,0,a,140,0,n
m,38.25,10.125,y,p,k,0.125,0,0,0,0,a,160,0,n
m,30.67,2.5,n,g,cc,2.25,0,0,0,1,b,340,0,n
m,18.58,5.71,n,g,d,0.54,0,0,0,0,a,120,0,n
f,19.17,5.415,n,g,i,0.29,0,0,0,0,a,80,484,n
f,18.17,10,y,p,q,0.165,0,0,0,0,a,340,0,n
m,24.58,13.5,y,p,ff,0,0,0,0,0,a,0,0,n
m,16.25,0.835,n,g,m,0.085,1,0,0,0,b,200,0,n
m,21.17,0.875,y,p,c,0.25,0,0,0,0,a,280,204,n
m,23.92,0.585,y,p,cc,0.125,0,0,0,0,a,240,1,n
m,17.67,4.46,n,g,c,0.25,0,0,0,0,b,80,0,n
f,16.5,1.25,n,g,q,0.25,0,1,1,0,a,108,98,n
m,23.25,12.625,n,g,c,0.125,0,1,2,0,a,0,5552,n
m,17.58,10,n,g,w,0.165,0,1,1,0,a,120,1,n
f,31.57,1.5,n,g,ff,0,0,1,2,1,a,200,105,n
m,29.5,0.58,n,g,w,0.29,0,1,1,0,a,340,2803,n
m,18.83,0.415,y,p,c,0.165,0,1,1,0,a,200,1,n
f,21.75,1.75,y,p,j,0,0,0,0,0,a,160,0,n
m,23,0.75,n,g,m,0.5,0,0,0,1,b,320,0,n
f,18.25,10,n,g,w,1,0,1,1,0,a,120,1,n
m,25.42,0.54,n,g,w,0.165,0,1,1,0,a,272,444,n
m,35.75,2.415,n,g,w,0.125,0,1,2,0,a,220,1,n
f,16.08,0.335,n,g,ff,0,0,1,1,0,a,160,126,n
f,31.92,3.125,n,g,ff,3.04,0,1,2,1,a,200,4,n
m,69.17,9,n,g,ff,4,0,1,1,0,a,70,6,n
m,32.92,2.5,n,g,aa,1.75,0,1,2,1,a,720,0,n
m,16.33,2.75,n,g,aa,0.665,0,1,1,0,a,80,21,n
m,22.17,12.125,n,g,c,3.335,0,1,2,1,a,180,173,n
f,57.58,2,n,g,ff,6.5,0,1,1,0,a,0,10,n
m,18.25,0.165,n,g,d,0.25,0,0,0,1,b,280,0,n
m,23.42,1,n,g,c,0.5,0,0,0,1,b,280,0,n
f,15.92,2.875,n,g,q,0.085,0,0,0,0,a,120,0,n
f,24.75,13.665,n,g,q,1.5,0,0,0,0,a,280,1,n
m,48.75,26.335,y,p,ff,0,1,0,0,1,a,0,0,n
m,23.5,2.75,n,g,ff,4.5,0,0,0,0,a,160,25,n
m,18.58,10.29,n,g,ff,0.415,0,0,0,0,a,80,0,n
m,27.75,1.29,n,g,k,0.25,0,0,0,1,b,140,0,n
f,31.75,3,y,p,j,0,0,0,0,0,a,160,20,n
f,24.83,4.5,n,g,w,1,0,0,0,1,a,360,6,n
m,19,1.75,y,p,c,2.335,0,0,0,1,a,112,6,n
f,16.33,0.21,n,g,aa,0.125,0,0,0,0,a,200,1,n
f,18.58,10,n,g,d,0.415,0,0,0,0,a,80,42,n
m,16.25,0,y,p,aa,0.25,0,0,0,0,a,60,0,n
m,23,0.75,n,g,m,0.5,1,0,0,1,b,320,0,n
m,21.17,0.25,y,p,c,0.25,0,0,0,0,a,280,204,n
m,17.5,22,n,g,ff,0,0,0,0,1,c,450,100000,y
m,19.17,0,y,p,m,0,0,0,0,1,b,500,1,y
m,36.75,0.125,y,p,c,1.5,0,0,0,1,a,232,113,y
m,21.25,1.5,n,g,w,1.5,0,0,0,0,a,150,8,y
f,18.08,0.375,n,g,cc,10,0,0,0,1,b,300,0,y
f,33.67,0.375,n,g,cc,0.375,0,0,0,0,a,300,44,y
m,48.58,0.205,y,p,k,0.25,1,1,11,0,a,380,2732,y
m,33.67,1.25,n,g,w,1.165,0,0,0,0,a,120,0,n
f,29.5,1.085,y,p,x,1,0,0,0,0,a,280,13,n
m,30.17,1.085,y,p,c,0.04,0,0,0,0,a,170,179,n
f,40.83,3.5,n,g,i,0.5,0,0,0,0,b,1160,0,n
m,34.83,2.5,y,p,w,3,0,0,0,0,b,200,0,n
m,31.57,4,y,p,i,0.085,0,0,0,1,a,411,0,n
m,20.42,0,n,g,c,0,0,0,0,0,c,0,0,n
f,33.25,2.5,y,p,c,2.5,0,0,0,1,a,0,2,n
m,34.08,2.5,n,g,c,1,0,0,0,0,a,460,16,n
f,25.25,12.5,n,g,d,1,0,0,0,1,a,180,1062,n
m,34.75,2.5,n,g,cc,0.5,0,0,0,0,a,348,0,n
m,27.67,0.75,n,g,q,0.165,0,0,0,1,a,220,251,n
m,47.33,6.5,n,g,c,1,0,0,0,1,a,0,228,n
f,34.83,1.25,y,p,i,0.5,0,0,0,1,a,160,0,n
f,33.25,3,y,p,aa,2,0,0,0,0,a,180,0,n
m,28,3,n,g,w,0.75,0,0,0,1,a,300,67,n
f,39.08,4,n,g,c,3,0,0,0,0,a,480,0,n
m,42.75,4.085,n,g,aa,0.04,0,0,0,0,a,108,100,n
m,26.92,2.25,n,g,i,0.5,0,0,0,1,a,640,4000,n
m,33.75,2.75,n,g,i,0,0,0,0,0,a,180,0,n
m,38.92,1.75,n,g,k,0.5,0,0,0,1,a,300,2,n
m,62.75,7,n,g,e,0,0,0,0,0,a,0,12,n
f,32.25,1.5,n,g,c,0.25,0,0,0,1,a,372,122,n
m,26.75,4.5,y,p,c,2.5,0,0,0,0,a,200,1210,n
m,63.33,0.54,n,g,c,0.585,1,1,3,1,a,180,0,n
m,27.83,1.5,n,g,w,2.25,0,1,1,1,a,100,3,n
f,26.17,2,n,g,j,0,0,0,0,1,a,276,1,n
m,22.17,0.585,y,p,ff,0,0,0,0,0,a,100,0,n
m,22.5,11.5,y,p,m,1.5,0,0,0,1,a,0,4000,n
m,30.75,1.585,n,g,d,0.585,0,0,0,1,b,0,0,n
m,36.67,2,n,g,i,0.25,0,0,0,1,a,221,0,n
f,16,0.165,n,g,aa,1,0,1,2,1,a,320,1,n
m,41.17,1.335,n,g,d,0.165,0,0,0,0,a,168,0,n
f,19.5,0.165,n,g,q,0.04,0,0,0,1,a,380,0,n
m,32.42,3,n,g,d,0.165,0,0,0,1,a,120,0,n
f,36.75,4.71,n,g,ff,0,0,0,0,0,a,160,0,n
f,30.25,5.5,n,g,k,5.5,0,0,0,1,b,100,0,n
m,23.08,2.5,n,g,ff,0.085,0,0,0,1,a,100,4208,n
m,26.83,0.54,n,g,k,0,0,0,0,0,a,100,0,n
m,16.92,0.335,y,p,k,0.29,0,0,0,0,b,200,0,n
m,24.42,2,n,g,e,0.165,0,1,2,0,a,320,1300,n
m,42.83,1.25,n,g,m,13.875,0,1,1,1,a,352,112,n
f,22.75,6.165,n,g,aa,0.165,0,0,0,0,a,220,1000,n
m,39.42,1.71,y,p,m,0.165,0,0,0,0,b,400,0,n
f,23.58,11.5,y,p,k,3,0,0,0,1,a,20,16,n
m,21.42,0.75,y,p,r,0.75,0,0,0,1,a,132,2,n
m,33,2.5,y,p,w,7,0,0,0,1,a,280,0,n
m,26.33,13,n,g,e,0,0,0,0,1,a,140,1110,n
f,45,4.585,n,g,k,1,0,0,0,1,b,240,0,n
m,26.25,1.54,n,g,w,0.125,0,0,0,0,a,100,0,n
f,28.17,0.585,n,g,aa,0.04,0,0,0,0,a,260,1004,n
f,20.83,0.5,y,p,e,1,0,0,0,0,a,260,0,n
m,28.67,14.5,n,g,d,0.125,0,0,0,0,a,0,286,n
m,20.67,0.835,y,p,c,2,0,0,0,1,b,240,0,n
m,34.42,1.335,n,g,i,0.125,0,0,0,1,a,440,4500,n
m,33.58,0.25,n,g,i,4,0,0,0,1,b,420,0,n
m,43.17,5,n,g,i,2.25,0,0,0,1,a,141,0,n
f,22.67,7,n,g,c,0.165,0,0,0,0,a,160,0,n
f,24.33,2.5,y,p,i,4.5,0,0,0,0,a,200,456,n
f,56.83,4.25,y,p,ff,5,0,0,0,1,a,0,4,n
m,22.08,11.46,n,g,k,1.585,0,0,0,1,a,100,1212,n
m,34,5.5,y,p,c,1.5,0,0,0,1,a,60,0,n
m,22.58,1.5,y,p,aa,0.54,0,0,0,1,a,120,67,n
m,21.17,0,n,g,c,0.5,0,0,0,1,b,0,0,n
m,26.67,14.585,n,g,i,0,0,0,0,1,a,178,0,n
m,22.92,0.17,n,g,m,0.085,0,0,0,0,b,0,0,n
m,15.17,7,n,g,e,1,0,0,0,0,a,600,0,n
m,39.92,5,n,g,i,0.21,0,0,0,0,a,550,0,n
m,27.42,12.5,n,g,aa,0.25,0,0,0,1,a,720,0,n
m,24.75,0.54,n,g,m,1,0,0,0,1,a,120,1,n
m,41.17,1.25,y,p,w,0.25,0,0,0,0,a,0,195,n
f,33.08,1.625,n,g,d,0.54,0,0,0,1,a,0,0,n
m,29.83,2.04,y,p,x,0.04,0,0,0,0,a,128,1,n
f,23.58,0.585,y,p,ff,0.125,0,0,0,0,a,120,87,n
m,26.17,12.5,y,p,k,1.25,0,0,0,1,a,0,17,n
m,31,2.085,n,g,c,0.085,0,0,0,0,a,300,0,n
m,20.75,5.085,y,p,j,0.29,0,0,0,0,a,140,184,n
m,28.92,0.375,n,g,c,0.29,0,0,0,0,a,220,140,n
f,51.92,6.5,n,g,i,3.085,0,0,0,1,a,73,0,n
f,22.67,0.335,n,g,q,0.75,0,0,0,0,b,160,0,n
m,34,5.085,y,p,i,1.085,0,0,0,1,a,480,0,n
f,69.5,6,n,g,ff,0,0,0,0,0,b,0,0,n
f,40.33,8.125,y,p,k,0.165,0,1,2,0,a,0,18,n
f,19.58,0.665,y,p,c,1,0,1,1,0,a,2000,2,n
m,16,3.125,n,g,w,0.085,0,1,1,0,a,0,6,n
m,17.08,0.25,n,g,q,0.335,0,1,4,0,a,160,8,n
m,31.25,2.835,n,g,ff,0,0,1,5,0,a,176,146,n
m,25.17,3,n,g,c,1.25,0,1,1,0,a,0,22,n
f,22.67,0.79,n,g,i,0.085,0,0,0,0,a,144,0,n
m,40.58,1.5,n,g,i,0,0,0,0,0,b,300,0,n
m,22.25,0.46,n,g,k,0.125,0,0,0,1,a,280,55,n
f,22.25,1.25,y,p,ff,3.25,0,0,0,0,a,280,0,n
m,22.5,0.125,y,p,k,0.125,0,0,0,0,a,200,70,n
m,23.58,1.79,n,g,c,0.54,0,0,0,1,a,136,1,n
m,38.42,0.705,n,g,c,0.375,0,1,2,0,a,225,500,n
f,26.58,2.54,y,p,ff,0,0,0,0,1,a,180,60,n
m,35,2.5,n,g,i,1,0,0,0,1,a,210,0,n
m,20.42,1.085,n,g,q,1.5,0,0,0,0,a,108,7,n
m,29.42,1.25,n,g,w,1.75,0,0,0,0,a,200,0,n
m,26.17,0.835,n,g,cc,1.165,0,0,0,0,a,100,0,n
m,33.67,2.165,n,g,c,1.5,0,0,0,0,c,120,0,n
m,24.58,1.25,n,g,c,0.25,0,0,0,0,a,110,0,n
f,27.67,2.04,n,g,w,0.25,0,0,0,1,a,180,50,n
m,37.5,0.835,n,g,e,0.04,0,0,0,0,a,120,5,n
m,49.17,2.29,n,g,ff,0.29,0,0,0,0,a,200,3,n
m,33.58,0.335,y,p,cc,0.085,0,0,0,0,a,180,0,n
m,51.83,3,y,p,ff,1.5,0,0,0,0,a,180,4,n
m,22.92,3.165,y,p,c,0.165,0,0,0,0,a,160,1058,n
m,21.83,1.54,n,g,k,0.085,0,0,0,1,a,356,0,n
m,25.25,1,n,g,aa,0.5,0,0,0,0,a,200,0,n
m,58.58,2.71,n,g,c,2.415,0,0,0,1,a,320,0,n
m,19,0,y,p,ff,0,0,1,4,0,a,45,1,n
m,19.58,0.585,n,g,ff,0,0,1,3,0,a,350,769,n
f,53.33,0.165,n,g,ff,0,0,0,0,1,b,62,27,n
f,27.17,1.25,n,g,ff,0,0,1,1,0,a,92,300,n
m,25.92,0.875,n,g,k,0.375,0,1,2,1,a,174,3,n
m,23.08,0,n,g,k,1,0,1,11,0,b,0,0,n
m,39.58,5,n,g,ff,0,0,1,2,0,a,17,1,n
m,30.58,2.71,y,p,m,0.125,0,0,0,1,b,80,0,n
m,17.25,3,n,g,k,0.04,0,0,0,1,a,160,40,n
f,17.67,0,y,p,j,0,0,0,0,0,a,86,0,n
f,31.57,11.25,n,g,ff,0,0,0,0,0,a,0,5200,n
m,16.5,0.125,n,g,c,0.165,0,0,0,0,a,132,0,n
f,27.33,1.665,n,g,ff,0,0,0,0,0,a,340,1,n
m,31.25,1.125,n,g,ff,0,0,1,1,0,a,96,19,n
m,20,7,n,g,c,0.5,0,0,0,0,a,0,0,n
m,31.57,3,y,p,i,7,0,0,0,0,a,0,1,n
m,39.5,1.625,n,g,c,1.5,0,0,0,0,a,0,316,n
m,36.5,4.25,n,g,q,3.5,0,0,0,0,a,454,50,n
f,29.75,0.665,n,g,w,0.25,0,0,0,1,a,300,0,n
m,52.42,1.5,n,g,d,3.75,0,0,0,1,a,0,350,n
m,36.17,18.125,n,g,w,0.085,0,0,0,0,a,320,3552,n
m,34.58,0,n,g,c,0,0,0,0,0,c,0,0,n
m,29.67,0.75,y,p,c,0.04,0,0,0,0,a,240,0,n
m,36.17,5.5,n,g,i,5,0,0,0,0,a,210,687,n
m,25.67,0.29,y,p,c,1.5,0,0,0,1,a,160,0,n
f,24.5,2.415,y,p,c,0,0,0,0,0,a,120,0,n
m,24.08,0.875,n,g,m,0.085,0,1,4,0,a,254,1950,n
m,21.92,0.5,n,g,c,0.125,0,0,0,0,a,360,0,n
f,36.58,0.29,n,g,ff,0,0,1,10,0,a,200,18,n
f,23,1.835,n,g,j,0,0,1,1,0,a,200,53,n
f,27.58,3,n,g,m,2.79,0,1,1,1,a,280,10,n
m,31.08,3.085,n,g,c,2.5,0,1,2,1,a,160,41,n
f,30.42,1.375,n,g,w,0.04,0,1,3,0,a,0,33,n
m,22.08,2.335,n,g,k,0.75,0,0,0,0,a,180,0,n
m,16.33,4.085,n,g,i,0.415,0,0,0,1,a,120,0,n
f,21.92,11.665,n,g,k,0.085,0,0,0,0,a,320,5,n
m,21.08,4.125,y,p,i,0.04,0,0,0,0,a,140,100,n
m,17.42,6.5,n,g,i,0.125,0,0,0,0,a,60,100,n
m,19.17,4,y,p,i,1,0,0,0,1,a,360,1000,n
m,20.67,0.415,n,g,c,0.125,0,0,0,0,a,0,44,n
m,26.75,2,n,g,d,0.75,0,0,0,1,a,80,0,n
m,23.58,0.835,n,g,i,0.085,0,0,0,1,a,220,5,n
m,39.17,2.5,y,p,i,10,0,0,0,1,b,200,0,n
m,22.75,11.5,n,g,i,0.415,0,0,0,0,a,0,0,n
f,26.5,2.71,y,p,c,0.085,0,0,0,0,b,80,0,n
f,16.92,0.5,n,g,i,0.165,0,1,6,1,a,240,35,n
m,23.5,3.165,y,p,k,0.415,0,1,1,1,a,280,80,n
f,17.33,9.5,n,g,aa,1.75,0,1,10,1,a,0,10,n
m,23.75,0.415,y,p,c,0.04,0,1,2,0,a,128,6,n
m,34.67,1.08,n,g,m,1.165,0,0,0,0,b,28,0,n
m,74.83,19,y,p,ff,0.04,0,1,2,0,a,0,351,n
m,28.17,0.125,y,p,k,0.085,0,0,0,0,a,216,2100,n
m,24.5,13.335,y,p,aa,0.04,0,0,0,1,a,120,475,n
m,18.83,3.54,y,p,ff,0,0,0,0,1,a,180,1,n
f,45.33,1,n,g,q,0.125,0,0,0,1,a,263,0,n
f,47.25,0.75,n,g,q,2.75,1,1,1,0,a,333,892,y
m,24.17,0.875,n,g,q,4.625,1,1,2,1,a,520,2000,y
m,39.25,9.5,n,g,m,6.5,1,1,14,0,a,240,4607,y
f,20.5,11.835,n,g,c,6,1,0,0,0,a,340,0,y
f,18.83,4.415,y,p,c,3,1,0,0,0,a,240,0,y
m,19.17,9.5,n,g,w,1.5,1,0,0,0,a,120,2206,y
f,25,0.875,n,g,x,1.04,1,0,0,1,a,160,5860,y
m,20.17,9.25,n,g,c,1.665,1,1,3,1,a,40,28,y
m,25.75,0.5,n,g,c,1.46,1,1,5,1,a,312,0,y
m,20.42,7,n,g,c,1.625,1,1,3,0,a,200,1391,y
m,31.57,4,n,g,x,5,1,1,3,1,a,290,2279,y
m,39,5,n,g,cc,3.5,1,1,10,1,a,0,0,y
f,64.08,0.165,n,g,ff,0,1,1,1,0,a,232,100,y
m,28.25,5.125,n,g,x,4.75,1,1,2,0,a,420,7,y
f,28.75,3.75,n,g,c,1.085,1,1,1,1,a,371,0,y
m,31.33,19.5,n,g,c,7,1,1,16,0,a,0,5000,y
f,18.92,9,n,g,aa,0.75,1,1,2,0,a,88,591,y
f,24.75,3,n,g,q,1.835,1,1,19,0,a,0,500,y
f,30.67,12,n,g,c,2,1,1,1,0,a,220,19,y
m,21,4.79,y,p,w,2.25,1,1,1,1,a,80,300,y
m,13.75,4,y,p,w,1.75,1,1,2,1,a,120,1000,y
f,46,4,n,g,j,0,1,0,0,0,a,100,960,y
f,44.33,0,n,g,c,2.5,1,0,0,0,a,0,0,y
m,20.25,9.96,n,g,e,0,1,0,0,0,a,0,0,y
m,22.67,2.54,y,p,c,2.585,1,0,0,0,a,0,0,y
m,31.57,10.5,n,g,x,6.5,1,0,0,0,a,0,0,y
f,60.92,5,n,g,aa,4,1,1,4,0,a,0,99,y
m,16.08,0.75,n,g,c,1.75,1,1,5,1,a,352,690,y
f,28.17,0.375,n,g,q,0.585,1,1,4,0,a,80,0,y
m,39.17,1.71,n,g,x,0.125,1,1,5,1,a,480,0,y
f,20.42,7.5,n,g,k,1.5,1,1,1,0,a,160,234,y
f,30,5.29,n,g,e,2.25,1,1,5,1,a,99,500,y
m,22.83,3,n,g,m,1.29,1,1,1,0,a,260,800,y
f,22.5,8.5,n,g,q,1.75,1,1,10,0,a,80,990,n
f,28.58,1.665,n,g,q,2.415,1,0,0,1,a,440,0,n
m,45.17,1.5,n,g,c,2.5,1,0,0,1,a,140,0,n
m,41.58,1.75,n,g,k,0.21,1,0,0,0,a,160,0,n
f,57.08,0.335,n,g,i,1,1,0,0,1,a,252,2197,n
f,55.75,7.08,n,g,k,6.75,1,1,3,1,a,100,50,n
m,43.25,25.21,n,g,q,0.21,1,1,1,0,a,760,90,n
f,25.33,2.085,n,g,c,2.75,1,0,0,1,a,360,1,n
f,24.58,0.67,n,g,aa,1.75,1,0,0,0,a,400,0,n
m,43.17,2.25,n,g,i,0.75,1,0,0,0,a,560,0,n
m,40.92,0.835,n,g,ff,0,1,0,0,0,a,130,1,n
m,31.83,2.5,n,g,aa,7.5,1,0,0,1,a,523,0,n
f,33.92,1.585,y,p,ff,0,1,0,0,0,a,320,0,n
f,24.92,1.25,n,g,ff,0,1,0,0,0,a,80,0,n
m,35.25,3.165,n,g,x,3.75,1,0,0,1,a,680,0,n
m,34.25,1.75,n,g,w,0.25,1,0,0,1,a,163,0,n
m,80.25,5.5,n,g,c,0.54,1,0,0,0,a,0,340,n
m,19.42,1.5,y,p,cc,2,1,0,0,1,a,100,20,n
m,42.75,3,n,g,i,1,1,0,0,0,a,0,200,n
m,19.67,10,y,p,k,0.835,1,0,0,1,a,140,0,n
m,36.33,3.79,n,g,w,1.165,1,0,0,1,a,200,0,n
m,30.08,1.04,y,p,i,0.5,1,1,10,1,a,132,28,n
m,44.25,11,y,p,d,1.5,1,0,0,0,b,0,0,n
m,23.58,0.46,y,p,w,2.625,1,1,6,1,a,208,347,n
m,23.92,1.5,n,g,d,1.875,1,1,6,0,a,200,327,y
m,33.17,1,n,g,x,0.75,1,1,7,1,a,340,4071,y
m,48.33,12,n,g,m,16,1,0,0,0,b,110,0,y
m,76.75,22.29,n,g,e,12.75,1,1,1,1,a,0,109,y
m,51.33,10,n,g,i,0,1,1,11,0,a,0,1249,y
m,34.75,15,n,g,r,5.375,1,1,9,1,a,0,134,y
m,38.58,3.335,n,g,w,4,1,1,14,0,a,383,1344,y
f,22.42,11.25,y,p,x,0.75,1,1,4,0,a,0,321,y
m,41.92,0.42,n,g,c,0.21,1,1,6,0,a,220,948,y
m,29.58,4.5,n,g,w,7.5,1,1,2,1,a,330,0,y
f,32.17,1.46,n,g,w,1.085,1,1,16,0,a,120,2079,y
m,51.42,0.04,n,g,x,0.04,1,0,0,0,a,0,3000,y
f,22.83,2.29,n,g,q,2.29,1,1,7,1,a,140,2384,y
f,25,12.33,n,g,cc,3.5,1,1,6,0,a,400,458,y
m,26.75,1.125,n,g,x,1.25,1,0,0,0,a,0,5298,y
m,23.33,1.5,n,g,c,1.415,1,0,0,0,a,422,200,y
m,24.42,12.335,n,g,q,1.585,1,0,0,1,a,120,0,y
m,42.17,5.04,n,g,q,12.75,1,0,0,1,a,92,0,y
f,20.83,3,n,g,aa,0.04,1,0,0,0,a,100,0,y
m,23.08,11.5,n,g,w,2.125,1,1,11,1,a,290,284,y
f,25.17,2.875,n,g,x,0.875,1,0,0,0,a,360,0,y
m,43.08,0.375,y,p,c,0.375,1,1,8,1,a,300,162,y
f,35.75,0.915,n,g,aa,0.75,1,1,4,0,a,0,1583,y
m,59.5,2.75,n,g,w,1.75,1,1,5,1,a,60,58,y
m,21,3,y,p,d,1.085,1,1,8,1,a,160,1,y
m,21.92,0.54,y,p,x,0.04,1,1,1,1,a,840,59,y
f,65.17,14,n,g,ff,0,1,1,11,1,a,0,1400,y
f,20.33,10,n,g,c,1,1,1,4,0,a,50,1465,y
m,32.25,0.165,y,p,c,3.25,1,1,1,1,a,432,8000,y
m,30.17,0.5,n,g,c,1.75,1,1,11,0,a,32,540,y
m,25.17,6,n,g,c,1,1,1,3,0,a,0,0,y
m,39.17,1.625,n,g,c,1.5,1,1,10,0,a,186,4700,y
m,39.08,6,n,g,m,1.29,1,1,5,1,a,108,1097,y
m,31.67,0.83,n,g,x,1.335,1,1,8,1,a,303,3290,y
m,41,0.04,n,g,e,0.04,0,1,1,0,b,560,0,y
m,48.5,4.25,n,g,m,0.125,1,0,0,1,a,225,0,y
m,32.67,9,y,p,w,5.25,1,0,0,1,a,154,0,y
f,28.08,15,y,p,e,0,1,0,0,0,a,0,13212,y
m,73.42,17.75,n,g,ff,0,1,0,0,1,a,0,0,y
m,64.08,20,n,g,x,17.5,1,1,9,1,a,0,1000,y
m,51.58,15,n,g,c,8.5,1,1,9,0,a,0,0,y
m,26.67,1.75,y,p,c,1,1,1,5,1,a,160,5777,y
m,25.33,0.58,n,g,c,0.29,1,1,7,1,a,96,5124,y
m,30.17,6.5,n,g,cc,3.125,1,1,8,0,a,330,1200,y
m,27,0.75,n,g,c,4.25,1,1,3,1,a,312,150,y
m,23.17,0,n,g,c,0,0,0,0,0,c,0,0,y
m,34.17,5.25,n,g,w,0.085,0,0,0,1,a,290,6,y
m,38.67,0.21,n,g,k,0.085,1,0,0,1,a,280,0,y
m,25.75,0.75,n,g,c,0.25,1,0,0,0,a,349,23,y
f,46.08,3,n,g,c,2.375,1,1,8,1,a,396,4159,y
f,21.5,6,n,g,aa,2.5,1,1,3,0,a,80,918,y
f,20.08,0.125,n,g,q,1,0,1,1,0,a,240,768,y
m,20.5,2.415,n,g,c,2,1,1,11,1,a,200,3000,y
f,29.5,0.46,n,g,k,0.54,1,1,4,0,a,380,500,y
f,42.25,1.75,y,p,c,0,0,0,0,1,a,150,1,n
m,29.83,1.25,y,p,k,0.25,0,0,0,0,a,224,0,n
m,20.08,0.25,n,g,q,0.125,0,0,0,0,a,200,0,n
m,23.42,0.585,n,g,c,0.085,1,0,0,0,a,180,0,n
f,29.58,1.75,y,p,k,1.25,0,0,0,1,a,280,0,n
m,16.17,0.04,n,g,c,0.04,0,0,0,0,a,0,0,y
m,32.33,3.5,n,g,k,0.5,0,0,0,1,a,232,0,n
m,31.57,0.04,y,p,d,4.25,0,0,0,1,a,460,0,n
m,47.83,4.165,n,g,x,0.085,0,0,0,1,a,520,0,n
m,20,1.25,y,p,k,0.125,0,0,0,0,a,140,4,n
m,27.58,3.25,y,p,q,5.085,0,1,2,1,a,369,1,n
m,22,0.79,n,g,w,0.29,0,1,1,0,a,420,283,n
m,19.33,10.915,n,g,c,0.585,0,1,2,1,a,200,7,n
f,38.33,4.415,n,g,c,0.125,0,0,0,0,a,160,0,n
m,29.42,1.25,n,g,c,0.25,0,1,2,1,a,400,108,n
m,22.67,0.75,n,g,i,1.585,0,1,1,1,a,400,9,n
m,32.25,14,y,p,ff,0,0,1,2,0,a,160,1,n
m,29.58,4.75,n,g,m,2,0,1,1,1,a,460,68,n
m,18.42,10.415,y,p,aa,0.125,1,0,0,0,a,120,375,n
m,22.17,2.25,n,g,i,0.125,0,0,0,0,a,160,10,n
m,22.67,0.165,n,g,c,2.25,0,0,0,1,b,0,0,y
f,25.58,0,n,g,c,0,0,0,0,0,c,0,0,y
m,18.83,0,n,g,q,0.665,0,0,0,0,a,160,1,n
m,21.58,0.79,y,p,cc,0.665,0,0,0,0,a,160,0,n
m,23.75,12,n,g,c,2.085,0,0,0,0,b,80,0,n
m,22,7.835,y,p,i,0.165,0,0,0,1,a,0,0,n
m,36.08,2.54,n,g,ff,0,0,0,0,0,a,0,1000,n
m,29.25,13,n,g,d,0.5,0,0,0,0,a,228,0,n
f,19.58,0.665,n,g,w,1.665,0,0,0,0,a,220,5,n
f,22.92,1.25,n,g,q,0.25,0,0,0,1,a,120,809,n
f,27.25,0.29,n,g,m,0.125,0,1,1,1,a,272,108,n
f,38.75,1.5,n,g,ff,0,0,0,0,0,a,76,0,n
m,32.42,2.165,y,p,k,0,0,0,0,0,a,120,0,n
f,23.75,0.71,n,g,w,0.25,0,1,1,1,a,240,4,n
m,18.17,2.46,n,g,c,0.96,0,1,2,1,a,160,587,n
m,40.92,0.5,y,p,m,0.5,0,0,0,1,a,130,0,n
m,19.5,9.585,n,g,aa,0.79,0,0,0,0,a,80,350,n
m,28.58,3.625,n,g,aa,0.25,0,0,0,1,a,100,0,n
m,35.58,0.75,n,g,k,1.5,0,0,0,1,a,231,0,n
m,34.17,2.75,n,g,i,2.5,0,0,0,1,a,232,200,n
f,33.17,2.25,y,p,cc,3.5,0,0,0,1,a,200,141,n
m,31.58,0.75,y,p,aa,3.5,0,0,0,1,a,320,0,n
f,52.5,7,n,g,aa,3,0,0,0,0,a,0,0,n
m,36.17,0.42,y,p,w,0.29,0,0,0,1,a,309,2,n
m,37.33,2.665,n,g,cc,0.165,0,0,0,1,a,0,501,n
f,20.83,8.5,n,g,c,0.165,0,0,0,0,a,0,351,n
m,24.08,9,n,g,aa,0.25,0,0,0,1,a,0,0,n
m,25.58,0.335,n,g,k,3.5,0,0,0,1,a,340,0,n
f,35.17,3.75,n,g,ff,0,0,1,6,0,a,0,200,n
m,48.08,3.75,n,g,i,1,0,0,0,0,a,100,2,n
f,15.83,7.625,n,g,q,0.125,0,1,1,1,a,0,160,n
f,22.5,0.415,n,g,i,0.335,0,0,0,1,b,144,0,n
m,21.5,11.5,n,g,i,0.5,1,0,0,1,a,100,68,n
f,23.58,0.83,n,g,q,0.415,0,1,1,1,a,200,11,n
f,21.08,5,y,p,ff,0,0,0,0,0,a,0,0,n
m,25.67,3.25,n,g,c,2.29,0,1,1,1,a,416,21,n
f,38.92,1.665,n,g,aa,0.25,0,0,0,0,a,0,390,n
f,15.75,0.375,n,g,c,1,0,0,0,0,a,120,18,n
f,28.58,3.75,n,g,c,0.25,0,1,1,1,a,40,154,n
m,22.25,9,n,g,aa,0.085,0,0,0,0,a,0,0,n
m,29.83,3.5,n,g,c,0.165,0,0,0,0,a,216,0,n
f,23.5,1.5,n,g,w,0.875,0,0,0,1,a,160,0,n
m,32.08,4,y,p,cc,1.5,0,0,0,1,a,120,0,n
m,31.08,1.5,y,p,w,0.04,0,0,0,0,b,160,0,n
m,31.83,0.04,y,p,m,0.04,0,0,0,0,a,0,0,n
f,21.75,11.75,n,g,c,0.25,0,0,0,1,a,180,0,n
f,17.92,0.54,n,g,c,1.75,0,1,1,1,a,80,5,n
m,30.33,0.5,n,g,d,0.085,0,0,0,1,b,252,0,n
m,51.83,2.04,y,p,ff,1.5,0,0,0,0,a,120,1,n
m,47.17,5.835,n,g,w,5.5,0,0,0,0,a,465,150,n
m,25.83,12.835,n,g,cc,0.5,0,0,0,0,a,0,2,n
f,50.25,0.835,n,g,aa,0.5,0,0,0,1,a,240,117,n
f,29.5,2,y,p,e,2,0,0,0,0,a,256,17,n
f,37.33,2.5,n,g,i,0.21,0,0,0,0,a,260,246,n
f,41.58,1.04,n,g,aa,0.665,0,0,0,0,a,240,237,n
f,30.58,10.665,n,g,q,0.085,0,1,12,1,a,129,3,n
m,19.42,7.25,n,g,m,0.04,0,1,1,0,a,100,1,n
f,17.92,10.21,n,g,ff,0,0,0,0,0,a,0,50,n
f,20.08,1.25,n,g,c,0,0,0,0,0,a,0,0,n
m,19.5,0.29,n,g,k,0.29,0,0,0,0,a,280,364,n
m,27.83,1,y,p,d,3,0,0,0,0,a,176,537,n
m,17.08,3.29,n,g,i,0.335,0,0,0,1,a,140,2,n
m,36.42,0.75,y,p,d,0.585,0,0,0,0,a,240,3,n
m,40.58,3.29,n,g,m,3.5,0,0,0,1,b,400,0,n
m,21.08,10.085,y,p,e,1.25,0,0,0,0,a,260,0,n
f,22.67,0.75,n,g,c,2,0,1,2,1,a,200,394,n
f,25.25,13.5,y,p,ff,2,0,1,1,1,a,200,1,n
m,17.92,0.205,n,g,aa,0.04,0,0,0,0,a,280,750,n
m,35,3.375,n,g,c,8.29,0,0,0,1,a,0,0,n
